x,m,y,n,z,r,w,p,u,q
OrderFulfillmentController:1,orderProduct,OrderServiceFacadeImpl:1,placeOrder,InventoryService,isAvailable,PaymentService,makePayment,Product:1,Product
OrderFulfillmentController:1,orderProduct,OrderServiceFacadeImpl:1,placeOrder,InventoryService,isAvailable,PaymentService,makePayment,ShippingService,shipProduct
OrderFulfillmentController:1,orderProduct,OrderServiceFacadeImpl:1,placeOrder,InventoryService,isAvailable,Product:1,Product,PaymentService,makePayment
OrderFulfillmentController:1,orderProduct,OrderServiceFacadeImpl:1,placeOrder,InventoryService,isAvailable,Product:1,Product,ShippingService,shipProduct
OrderFulfillmentController:1,orderProduct,OrderServiceFacadeImpl:1,placeOrder,InventoryService,isAvailable,ShippingService,shipProduct,PaymentService,makePayment
OrderFulfillmentController:1,orderProduct,OrderServiceFacadeImpl:1,placeOrder,InventoryService,isAvailable,ShippingService,shipProduct,Product:1,Product
OrderFulfillmentController:1,orderProduct,OrderServiceFacadeImpl:1,placeOrder,PaymentService,makePayment,InventoryService,isAvailable,Product:1,Product
OrderFulfillmentController:1,orderProduct,OrderServiceFacadeImpl:1,placeOrder,PaymentService,makePayment,InventoryService,isAvailable,ShippingService,shipProduct
OrderFulfillmentController:1,orderProduct,OrderServiceFacadeImpl:1,placeOrder,PaymentService,makePayment,Product:1,Product,InventoryService,isAvailable
OrderFulfillmentController:1,orderProduct,OrderServiceFacadeImpl:1,placeOrder,PaymentService,makePayment,Product:1,Product,ShippingService,shipProduct
OrderFulfillmentController:1,orderProduct,OrderServiceFacadeImpl:1,placeOrder,PaymentService,makePayment,ShippingService,shipProduct,InventoryService,isAvailable
OrderFulfillmentController:1,orderProduct,OrderServiceFacadeImpl:1,placeOrder,PaymentService,makePayment,ShippingService,shipProduct,Product:1,Product
OrderFulfillmentController:1,orderProduct,OrderServiceFacadeImpl:1,placeOrder,Product:1,Product,InventoryService,isAvailable,PaymentService,makePayment
OrderFulfillmentController:1,orderProduct,OrderServiceFacadeImpl:1,placeOrder,Product:1,Product,InventoryService,isAvailable,ShippingService,shipProduct
OrderFulfillmentController:1,orderProduct,OrderServiceFacadeImpl:1,placeOrder,Product:1,Product,PaymentService,makePayment,InventoryService,isAvailable
OrderFulfillmentController:1,orderProduct,OrderServiceFacadeImpl:1,placeOrder,Product:1,Product,PaymentService,makePayment,ShippingService,shipProduct
OrderFulfillmentController:1,orderProduct,OrderServiceFacadeImpl:1,placeOrder,Product:1,Product,ShippingService,shipProduct,InventoryService,isAvailable
OrderFulfillmentController:1,orderProduct,OrderServiceFacadeImpl:1,placeOrder,Product:1,Product,ShippingService,shipProduct,PaymentService,makePayment
OrderFulfillmentController:1,orderProduct,OrderServiceFacadeImpl:1,placeOrder,ShippingService,shipProduct,InventoryService,isAvailable,PaymentService,makePayment
OrderFulfillmentController:1,orderProduct,OrderServiceFacadeImpl:1,placeOrder,ShippingService,shipProduct,InventoryService,isAvailable,Product:1,Product
OrderFulfillmentController:1,orderProduct,OrderServiceFacadeImpl:1,placeOrder,ShippingService,shipProduct,PaymentService,makePayment,InventoryService,isAvailable
OrderFulfillmentController:1,orderProduct,OrderServiceFacadeImpl:1,placeOrder,ShippingService,shipProduct,PaymentService,makePayment,Product:1,Product
OrderFulfillmentController:1,orderProduct,OrderServiceFacadeImpl:1,placeOrder,ShippingService,shipProduct,Product:1,Product,InventoryService,isAvailable
OrderFulfillmentController:1,orderProduct,OrderServiceFacadeImpl:1,placeOrder,ShippingService,shipProduct,Product:1,Product,PaymentService,makePayment
